-- CREATED DATABASE
    CREATE DATABASE DAY_11_SP

-- CREATED TABLES
    CREATE TABLE CUSTOMER
    (   CNAME VARCHAR(19) CONSTRAINT PK_CNAME PRIMARY KEY NOT NULL,
        CITY VARCHAR(18) NOT NULL
    )

    
    CREATE TABLE BRANCH
    (   BNAME VARCHAR(18) CONSTRAINT PK_BNAME PRIMARY KEY NOT NULL,
        CITY VARCHAR(18) NOT NULL 
    )

    CREATE TABLE DEPOSIT
    (
    ACTNO VARCHAR(5) CONSTRAINT PK_Cnamee PRIMARY KEY NOT NULL,
    Cname VARCHAR(19) CONSTRAINT fk_Cnamee FOREIGN KEY REFERENCES CUSTOMER(Cname) NOT NULL,
    Bname VARCHAR(18) CONSTRAINT fk_Bnamee FOREIGN KEY REFERENCES BRANCH(Bname) NOT NULL,
    Amount INT NOT NULL,
    Adate DATE NOT NULL
    )

    CREATE TABLE BORROW
    (
    LOANNO VARCHAR(5) CONSTRAINT PK_LOANNO PRIMARY KEY NOT NULL,
    CNAME VARCHAR(19) CONSTRAINT fk_CNAME FOREIGN KEY REFERENCES CUSTOMER(CNAME) NOT NULL,
    BNAME VARCHAR(18) CONSTRAINT fk_BNAME FOREIGN KEY REFERENCES BRANCH(BNAME) NOT NULL, 
    AMOUNT int NOT NULL
    )

-- INSERTED VALUES
    
    INSERT INTO DEPOSIT VALUES

    (100,'ANIL','VRCE',1000,'1-Mar-1995'),
    (101,'SUNIL','AJNI',5000,'4-Jan-1996'),
    (102,'MEHUL','KAROLBAGH',3500,'17-Nov-1995'),
    (104,'MADHURI','CHANDNI',1200,'17-Dec-1995'),
    (105,'PRAMOD','M.G. ROAD',3000,'27-Mar-1996'),
    (106,'SANDIP','ANDHERI',2000,'31-Mar-1996'),
    (107,'SHIVANI','VIRAR',1000,'5-Sep-1995'),
    (108,'KRANTI','NEHRU PLACE',5000,'2-Jul-1995'),
    (109,'NAREN','POWAI',7000,'10-Aug-1995')
    
    INSERT INTO BRANCH VALUES

    ('VRCE','NAGPUR'),
    ('AJNI','NAGPUR'),
    ('KAROLBAGH','DELHI'),
    ('CHANDNI','DELHI'),
    ('DHARAMPETH','NAGPUR'),
    ('M.G. ROAD','BANGLORE'),
    ('ANDHERI','MUMBAI'),
    ('VIRAR','MUMBAI'),
    ('NEHRU PLACE','DELHI'),
    ('POWAI','MUMBAI')
    
    INSERT INTO CUSTOMER VALUES

    ('ANIL','KOLKATA'),
    ('SUNIL','DELHI'),
    ('MEHUL','BARODA'),
    ('MANDAR','PATNA'),
    ('MADHURI','NAGPUR'),
    ('PRAMOD','NAGPUR'),
    ('SANDIP','SURAT'),
    ('SHIVANI','MUMBAI'),
    ('KRANTI','MUMBAI'),
    ('NAREN','MUMBAI')
    
    INSERT INTO BORROW VALUES

    (201,'ANIL','VRCE',1000),
    (206,'MEHUL','AJNI',5000),
    (311,'SUNIL','DHARAMPETH',3000),
    (321,'MADHURI','ANDHERI',2000),
    (375,'PRAMOD','VIRAR',8000), 
    (481,'KRANTI','NEHRU PLACE',3000)
    
