CREATE TABLE Deposit_Table(
ACTNO VARCHAR(5) CONSTRAINT PK_Cnamee PRIMARY KEY NOT NULL,
Cname VARCHAR(19) CONSTRAINT fk_Cnamee FOREIGN KEY  REFERENCES  CUSTOMER_TABLE(Cname) NOT NULL,
Bname VARCHAR(18) CONSTRAINT fk_Bnamee FOREIGN KEY  REFERENCES  BRANCH_TABLE(Bname) NOT NULL,
Amount INT	NOT NULL,
Adate DATE NOT NULL
)

CREATE TABLE BORROW_TABLE(
LOANNO VARCHAR(5)  CONSTRAINT PK_LOANNO PRIMARY KEY NOT NULL,
CNAME  VARCHAR(19)  CONSTRAINT fk_CNAME FOREIGN KEY  REFERENCES CUSTOMER_TABLE(CNAME) NOT NULL,
BNAME VARCHAR(18)  CONSTRAINT fk_BNAME FOREIGN KEY  REFERENCES  BRANCH_TABLE(BNAME) NOT NULL,
AMOUNT int  NOT NULL
)

CREATE TABLE CUSTOMER_TABLE(
CNAME VARCHAR(19) CONSTRAINT PK_CNAME PRIMARY KEY NOT NULL,
CITY VARCHAR(18) NOT NULL,
)

CREATE TABLE BRANCH_TABLE(
BNAME VARCHAR(18) CONSTRAINT PK_BNAME PRIMARY KEY NOT NULL,
CITY VARCHAR(18)  NOT NULL ,
)

INSERT INTO Deposit_Table VALUES
(100,'ANIL','VRCE',1000,'1-Mar-1995'),
(101,'SUNIL','AJNI',5000,'4-Jan-1996'),
(102,'MEHUL','KAROLBAGH',3500,'17-Nov-1995'),
(104,'MADHURI','CHANDNI',1200,'17-Dec-1995'),
(105,'PRAMOD','M.G. ROAD',3000,'27-Mar-1996'),
(106,'SANDIP','ANDHERI',2000,'31-Mar-1996'),
(107,'SHIVANI','VIRAR',1000,'5-Sep-1995'),
(108,'KRANTI','NEHRU PLACE',5000,'2-Jul-1995'),
(109,'NAREN','POWAI',7000,'10-Aug-1995')

INSERT INTO BRANCH_TABLE VALUES
('VRCE','NAGPUR'),
('AJNI','NAGPUR'),
('KAROLBAGH','DELHI'),
('CHANDNI','DELHI'),
('DHARAMPETH','NAGPUR'),
('M.G. ROAD','BANGLORE'),
('ANDHERI','MUMBAI'),
('VIRAR','MUMBAI'),
('NEHRU PLACE','DELHI'),
('POWAI','MUMBAI')

INSERT INTO CUSTOMER_TABLE VALUES
('ANIL','KOLKATA'),
('SUNIL','DELHI'),
('MEHUL','BARODA'),
('MANDAR','PATNA'),
('MADHURI','NAGPUR'),
('PRAMOD','NAGPUR'),
('SANDIP','SURAT'),
('SHIVANI','MUMBAI'),
('KRANTI','MUMBAI'),
('NAREN','MUMBAI')

INSERT INTO BORROW_TABLE VALUES
(201,'ANIL','VRCE',1000),
(206,'MEHUL','AJNI',5000),
(311,'SUNIL','DHARAMPETH',3000),
(321,'MADHURI','ANDHERI',2000),
(375,'PRAMOD','VIRAR',8000),
(481,'KRANTI','NEHRU PLACE',3000)

SELECT * FROM Deposit_Table 
SELECT * FROM Customer_table  
SELECT * FROM  BRANCH_TABLE   
SELECT * FROM BORROW_TABLE
 



--Q1: List Names of Customers who are Depositors and have Same Branch City as that of SUNIL

	SELECT Cname AS [Names] 
	FROM Deposit_Table 
	where Bname IN (SELECT BNAME 
	                FROM BRANCH_TABLE 
					WHERE CITY= (SELECT CITY FROM BRANCH_TABLE WHERE BNAME=(SELECT  Bname FROM Deposit_Table WHERE CNAME='SUNIL')))


--Q2: List All the Depositors Having Depositors Having Deposit in All the Branches where SUNIL is Having Account
   
   SELECT Cname AS [Depositors]
   FROM Deposit_Table 
   where BNAME IN (SELECT BNAME FROM Deposit_Table WHERE CNAME ='SUNIL' UNION
	               SELECT BNAME FROM BORROW_TABLE WHERE CNAME ='SUNIL')



--Q3: List the Names of Customers Living in the City where the Maximum Number of Depositors are Located



	SELECT CNAME FROM Customer_table  
	WHERE CITY IN (SELECT CITY 
				   FROM(SELECT TOP(1) CITY,COUNT(CITY) AS  COUNT 
						FROM Customer_table  where CNAME IN( SELECT Cname FROM Deposit_Table) 
						GROUP BY CITY  
						ORDER BY COUNT DESC)TEMP)
   



--Q4: List Names of Borrowers Having Deposit Amount Greater than 1000 and Loan Amount Greater than 2000

  SELECT CNAME FROM BORROW_TABLE
  WHERE CNAME IN(SELECT CNAME FROM Deposit_Table WHERE Amount>1000 
				 UNION 
				 SELECT CNAME FROM BORROW_TABLE WHERE  AMOUNT>2000)


--Q5: List All the Customers Living in NAGPUR and Having the Branch City as MUMBAI or DELHI
 
  SELECT *  FROM Customer_table
  WHERE CITY='NAGPUR' AND CNAME IN ( SELECT cname 
                                     FROM Deposit_Table 
                                     WHERE BNAME IN (SELECT BNAME FROM BRANCH_TABLE WHERE CITY IN ('MUMBAI','DELHI')))



--Q6: Count the Number of Customers Living in the City where Branch is Located

	 SELECT COUNT(*) AS [Number of Customers]
	 FROM Customer_table
	 WHERE  CITY IN (SELECT CITY FROM  BRANCH_TABLE )
